{
    "benchmarks": [
        {
            "fullname": "benchmarks.py::test_R_GFA",
            "group": null,
            "options": {
                "timer": "perf_counter",
                "warmup": false,
                "disable_gc": false,
                "min_rounds": 5,
                "min_time": 5e-06,
                "max_time": 1.0
            },
            "stats": {
                "mean": 490.8729808704229,
                "median": 490.8729808704229,
                "iterations": 1,
                "iqr": 3.3269725090358406,
                "stddev_outliers": 0,
                "outliers": "0;0",
                "q1": 489.209494615905,
                "hd15iqr": 492.5364671249408,
                "min": 489.209494615905,
                "ld15iqr": 489.209494615905,
                "ops": 0.002037186887383343,
                "total": 981.7459617408458,
                "rounds": 2,
                "stddev": 2.3525248219604653,
                "iqr_outliers": 0,
                "q3": 492.5364671249408,
                "max": 492.5364671249408
            },
            "param": null,
            "params": null,
            "name": "test_R_GFA",
            "extra_info": {}
        },
        {
            "fullname": "benchmarks.py::test_GROMACS_MPI_testA",
            "group": null,
            "options": {
                "timer": "perf_counter",
                "warmup": false,
                "disable_gc": false,
                "min_rounds": 5,
                "min_time": 5e-06,
                "max_time": 1.0
            },
            "stats": {
                "mean": 135.00749517197255,
                "median": 135.00749517197255,
                "iterations": 1,
                "iqr": 0.8616295459214598,
                "stddev_outliers": 0,
                "outliers": "0;0",
                "q1": 134.57668039901182,
                "hd15iqr": 135.43830994493328,
                "min": 134.57668039901182,
                "ld15iqr": 134.57668039901182,
                "ops": 0.0074069961725176815,
                "total": 270.0149903439451,
                "rounds": 2,
                "stddev": 0.6092640947917499,
                "iqr_outliers": 0,
                "q3": 135.43830994493328,
                "max": 135.43830994493328
            },
            "param": null,
            "params": null,
            "name": "test_GROMACS_MPI_testA",
            "extra_info": {}
        },
        {
            "fullname": "benchmarks.py::test_GROMACS_OpenMP_testA",
            "group": null,
            "options": {
                "timer": "perf_counter",
                "warmup": false,
                "disable_gc": false,
                "min_rounds": 5,
                "min_time": 5e-06,
                "max_time": 1.0
            },
            "stats": {
                "mean": 144.16654871753417,
                "median": 144.16654871753417,
                "iterations": 1,
                "iqr": 4.782977655064315,
                "stddev_outliers": 0,
                "outliers": "0;0",
                "q1": 141.775059890002,
                "hd15iqr": 146.55803754506633,
                "min": 141.775059890002,
                "ld15iqr": 141.775059890002,
                "ops": 0.006936421859964909,
                "total": 288.33309743506834,
                "rounds": 2,
                "stddev": 3.3820759341597086,
                "iqr_outliers": 0,
                "q3": 146.55803754506633,
                "max": 146.55803754506633
            },
            "param": null,
            "params": null,
            "name": "test_GROMACS_OpenMP_testA",
            "extra_info": {}
        }
    ],
    "commit_info": {
        "time": null,
        "project": "results",
        "author_time": null,
        "branch": "(unknown)",
        "id": "unversioned",
        "dirty": false
    },
    "machine_info": {
        "python_version": "3.5.3",
        "python_implementation_version": "3.5.3",
        "node": "pe73.int.triton.aalto.fi",
        "cpu": {
            "hardware": "unknown",
            "vendor_id": "GenuineIntel",
            "brand": "Intel(R) Xeon(R) CPU E5-2680 v3 @ 2.50GHz"
        },
        "python_compiler": "GCC 6.3.0 20170118",
        "python_build": [
            "default",
            "Jan 19 2017 14:11:04"
        ],
        "python_implementation": "CPython",
        "processor": "",
        "release": "3.10.0-693.5.2.el7.x86_64",
        "machine": "x86_64",
        "system": "Linux"
    },
    "version": "3.1.1",
    "datetime": "2017-11-24T13:34:55.522946"
}